{"cameraMode":{"drawMode":0,"name":"Shaded","section":"Shading Mode"},"sceneLighting":true,"audioPlay":false,"sceneViewState":{"m_AlwaysRefresh":false,"showFog":true,"showSkybox":true,"showFlares":true,"showImageEffects":true,"showParticleSystems":true,"showVisualEffectGraphs":true,"m_FxEnabled":true},"in2DMode":false,"pivot":{"x":-0.32172685861587527,"y":1.102349877357483,"z":-12.301128387451172},"rotation":{"x":0.029984600841999055,"y":0.02698429301381111,"z":-0.0008099513943307102,"w":0.9991877675056458},"size":9.27806282043457,"orthographic":true}